{
	"baseline": 0.21409619719999115,
	"pitch": 0.20944,
	"roll": 0.0,
	"x": 8.7,
	"y": -1.016239999999999368,
	"yaw": -0.009726800000000934,
	"z": 22.212400000000026,

	"fx": 400.000000,
	"fy": 400.000000,
	"u0": 508.222931,
	"v0": 498.187378

}
