{
    "baseline": 0.21409619719999115,
    "pitch": 0.0698132,
    "roll": 0.0,
    "x": -32.7,
    "y": -8.016239999999999368,
    "yaw": -0.009726800000000934,
    "z": 22.212400000000026,

    "fx": 964.8289,
    "fy": 964.8289,
    "u0": 643.788025,
    "v0": 484.407990

}